Latitude,Longitude
18.4575305768202,73.8331884149091
18.4538094036448,73.8259270291933
18.4584595516651,73.8314955550517
18.4513434128139,73.8279732512863
18.4622095807317,73.8265122053153
18.457524243946,73.8272640595193
18.4621042798167,73.8246139694584
18.4579022016914,73.836583325527
18.4530188307266,73.8253095938769
18.4550721009534,73.8247908401832
18.4646973148181,73.8300538860328
18.4527457521312,73.8265323018775
18.4599396957075,73.8281550253681
18.4618255183268,73.8313600978391
18.4602061844741,73.8357189571369
18.4632604832679,73.8301243000559
18.4603849909038,73.8342426564764
18.4568822657777,73.8373183180073
18.4628554327276,73.8294938806757
18.4630658551603,73.8337070646203
18.4608744468113,73.8333582918184
18.4519233624035,73.8327344837194
18.4567398989632,73.822013669011
18.4599624427929,73.8304720695191
18.4624810465538,73.8327959803302
18.4577810016675,73.8213684844519
18.4528012375781,73.8306050201655
18.4522444515362,73.8336702496915
18.4536073279853,73.8218374187898
18.457885659116,73.82281665735
18.4579428044168,73.8317278550255
18.4591822037066,73.821730548977
18.4556567949234,73.834220314808
18.4644894974189,73.826193139255
18.4609213336334,73.8383680042505
18.4506634240288,73.8299502173355
18.4560094897213,73.8240547364502
18.4513257347953,73.8262520569122
18.4509217351481,73.8260140657515
18.4614295246502,73.8295498939617
18.4535334902053,73.8298852424769
18.4553989055719,73.8356784846964
18.458219376276,73.8311531576927
18.4586112350713,73.8387559455324
18.4564986139326,73.8252148399725
18.4513920226594,73.8344613603911
18.4583566735203,73.824912993308
18.4575096900692,73.8318992212379
18.4498939915063,73.8268145262295
18.4480675796966,73.8283030782641
18.4570574687337,73.8259269679707
18.4511767385368,73.8322237366298
18.4537550772591,73.8374101253268
18.4539126718786,73.8229194363667
18.4590009508507,73.8379945895333
18.453204064555,73.8293630975608
18.4515354026812,73.8236234309026
18.4491758511234,73.8301121160366
18.4537863218297,73.8244929323799
18.4556587255116,73.8272499521241
18.4553588676448,73.8260194376743
18.449578740266,73.827364672842
18.4562323201365,73.8320650157201
18.4478303272588,73.8290384757287
18.4643421812397,73.8285322096367
18.4630470310261,73.8322315245026
18.4512081643726,73.831060583375
18.450379126969,73.8239610208702
18.5591112868539,73.8003711098611
18.5659659402307,73.8093000909893
18.5586611003796,73.8118502538107
18.5630650209757,73.7956259262107
18.5549335250755,73.7995079736655
18.5570669746535,73.8014378526595
18.567004047719,73.8040591726361
18.560743163716,73.8003696445409
18.5521302121279,73.799256811978
18.5577963993249,73.7953299932975
18.5570909824526,73.8057429333926
18.5598084846091,73.8031297257875
18.5613836215529,73.8102563252307
18.5591201688413,73.8005605952783
18.5689624657242,73.8028010752444
18.5656593992707,73.8034105433369
18.5660877840311,73.8044274125462
18.5675868412789,73.8065329097698
18.5558553056974,73.7968455294711
18.5586333300203,73.795766936099
18.5626809398014,73.793994095316
18.5591348178372,73.8064308743175
18.5545750545077,73.8048349919214
18.5622320343546,73.810736378433
18.5554216400762,73.8071038126227
18.563871880701,73.8029633801717
18.55573779574,73.8043550985974
18.5569115120752,73.8026683773167
18.5598637607237,73.8001143859345
18.5563431134011,73.7958628314124
18.5609470654816,73.7940836437673
18.5562636251723,73.8011364826105
18.5627397863593,73.811656663646
18.5646699270374,73.8106495126308
18.5641313822876,73.8022599737797
18.5575010477609,73.8061567062652
18.5657814641091,73.8036274804795
18.5576853386069,73.8116904401491
18.554955010637,73.8105056776897
18.5535807976682,73.8092261144262
18.5577901423354,73.8063991294949
18.5685026658804,73.8065875849574
18.5541334676899,73.797463512374
18.5536537736164,73.8092611033655
18.5516439155837,73.804956621574
18.5670053788268,73.8002532028075
18.5604305756804,73.8121178810947
18.5553052265936,73.7952529980286
18.5620189920805,73.8100981262705
18.5584033277743,73.797603711742
18.5678924639756,73.8074703799839
18.552375483189,73.805399671627
18.5665740875183,73.8029659797264
18.5576312397859,73.7994536410872
18.5561993808606,73.8102405878503
18.5638443765179,73.8114154721358
18.5600247531496,73.8111396619636
18.5533426158114,73.8035225489612
18.5563453720678,73.775099892599
18.5616364456399,73.7769087323244
18.5561206665832,73.7771698172796
18.5686978804372,73.7699553510622
18.5633816396653,73.7768589462656
18.5631431997646,73.7719188468123
18.5569323303132,73.7792709202287
18.5700426531637,73.7720812136158
18.5664394795063,73.7839269990921
18.5584162918983,73.7823144671823
18.5655083285369,73.7719050154784
18.557147050351,73.7808891059134
18.5571766018036,73.7718224820973
18.5617674111717,73.7700842862425
18.5571296748553,73.7827609507708
18.5707506330162,73.7765384702773
18.5654181564095,73.781579391451
18.5691737624098,73.7748505094404
18.5651426200551,73.7693833143328
18.5649935938591,73.7731001201932
18.5683991955678,73.7771369069292
18.5697916765486,73.7712962070873
18.5647011043846,73.7728403865817
18.563775631198,73.7706345256298
18.5611301857698,73.7717411215588
18.5720913772604,73.7762550030064
18.5644369409641,73.7840494005885
18.5580243185799,73.7800661039579
18.56104946684,73.7771553202106
18.560518228336,73.7683810674871
18.5592118890008,73.7727351563935
18.5674952014039,73.7788455218612
18.5562872557565,73.779593600695
18.5596599455971,73.7738175164547
18.5686389123009,73.7747153748883
18.560498249173,73.774163827039
18.5586621336339,73.7746737978491
18.5727006533435,73.7751726179474
18.5697514524091,73.7767930681307
18.5572349056314,73.7733831873757
18.5645858277615,73.7830191350197
18.5686878148805,73.7760712260322
18.5615985523408,73.777715330273
18.5646537330143,73.7808735179935
18.5626679105619,73.772111640014
18.5710276581507,73.7780892695571
18.5569560672901,73.776393081107
18.5577162948574,73.7728500423361
18.5696006859561,73.7789214586801
18.5694231539317,73.7787466044068
18.5703355255403,73.7723904232089
18.5681182117811,73.7785840140924
18.5597606162088,73.7843321101457
18.5684265949847,73.7797505136131
18.5652460764882,73.7769287683586
18.5661868232677,73.775489993523
18.5671087660404,73.7704236898361
18.5643456144841,73.7758008493177
18.5697402587979,73.783028505192
18.563697203432,73.769242626528
18.5587852325991,73.7809982687675
18.5223339568164,73.768524714638
18.5138673498808,73.778204321659
18.5195195795703,73.7673947165325
18.5183835991164,73.7653195669366
18.5160408195347,73.7763173352944
18.5158108831465,73.7699922259275
18.507735387847,73.7730925374823
18.5198785020779,73.7715900463653
18.5187137430912,73.7630763944316
18.5118524289652,73.7679528384026
18.5185427156048,73.7677147279943
18.5113288026338,73.7675834249606
18.5110616451114,73.7699408962949
18.5142578641476,73.7612976951107
18.5080908393013,73.7631553257689
18.510980321151,73.7732912091941
18.5129534919778,73.7770051581727
18.507094294973,73.7677922899323
18.5210679478314,73.7697538201142
18.5189508344242,73.7638392956655
18.5137428518102,73.7757113178478
18.5158053609474,73.7700276598088
18.5180700550021,73.7660697546521
18.5149596332931,73.7743028216673
18.5139301500468,73.7618140610855
18.5138911178977,73.7726797170445
18.5179685625253,73.7617315426934
18.5130346246988,73.7764427531624
18.5169170764756,73.7635452513644
18.5195302825497,73.7720263844955
18.5204097316506,73.7691861502566
18.5127777827987,73.7688010556778
18.5079166572132,73.7693246978301
18.5136230980963,73.7698859680335
18.5114858544753,73.7686717998883
18.506610731817,73.7720471034609
18.5120276309352,73.778214367248
18.5104601955841,73.7687888755495
18.5185183543711,73.7677256208287
18.5153447679614,73.7675827546638
18.5066914875146,73.7643750055579
18.5128875294483,73.7779924807715
18.5191361704125,73.7662871348073
18.5078953144435,73.7650385102123
18.5844652240743,73.767238219118
18.5718637124628,73.7746488266405
18.5780464361379,73.7707205788217
18.5762589821322,73.7688807962517
18.5739286947273,73.7724626943391
18.5770502285697,73.7739843056945
18.5856518532332,73.7730534029059
18.578984916112,73.7680433287225
18.5827866922413,73.7748330678448
18.5813673147958,73.7619636988894
18.5846917088475,73.7778738148315
18.575665920859,73.7645779305021
18.5774618356931,73.7644864565635
18.5709086902205,73.7692339308977
18.5858937260618,73.7761411205704
18.5753863374915,73.7748799927564
18.5829947304638,73.7771797989751
18.5845036532345,73.7776565965675
18.5729591533659,73.7665318075547
18.5873599411326,73.7684723663642
18.5764870127705,73.7637679296608
18.5701992210223,73.7716136821857
18.5747125399126,73.7679566355194
18.5779749197603,73.7679327895969
18.5823889981641,73.7628461151831
18.5762189065226,73.7791015054631
18.5752515760889,73.7683190255071
18.575807643889,73.767837195669
18.578187438013,73.7709474606695
18.576237725463,73.773754055119
18.5825950600392,73.7679860555871
18.5828923082025,73.7783110936829
18.5798213925838,73.7693761940259
18.5769533426265,73.7724397910897
18.5866170696041,73.7710998936121
18.5767999392931,73.7631832400573
18.580870165307,73.7663231173395
18.5755427798631,73.7766704859337
18.5755759329245,73.774539649725
18.5749787768992,73.7745684964919
18.5733751972482,73.7643452235684
18.5711022714948,73.7712979448077
18.5390025953362,73.8489944167307
18.5307156752552,73.8380895502147
18.5376150099201,73.8433808182151
18.5345759924367,73.8531781950156
18.5335136065182,73.8382914310835
18.5265864422788,73.8425722121902
18.5358699926784,73.849358426294
18.5279432870888,73.8381386377397
18.5338531208428,73.8423959955791
18.5254546510589,73.8402625997268
18.5349743472291,73.8402881747718
18.5244679543039,73.8475963492818
18.5314020706809,73.8521432796942
18.5237822240969,73.8434193182181
18.5353566237119,73.8459272479078
18.5287134227408,73.8435191919347
18.5343522019799,73.8382637242438
18.5332550817784,73.8419759599585
18.5275897506563,73.850118869935
18.5335722331666,73.8487554497516
18.538710224585,73.8437052623484
18.5304343551994,73.8393965794585
18.5304572115359,73.8467529606484
18.5322862133929,73.8486492452558
18.5351098703682,73.8430665994023
18.5382762470065,73.8434281365972
18.5321674987436,73.8373756751201
18.5285929503717,73.8474512110224
18.5228739718825,73.8442093624928
18.5328329055823,73.8387188746191
18.5374140724311,73.8459506371917
18.5339614156113,73.8446830261718
18.5396161852567,73.8442714624662
18.5308002312675,73.8393087215693
18.532563876142,73.8420555647243
18.5330484621985,73.8522441933697
18.5328170018621,73.8535657412628
18.5253270366638,73.8491146350266
18.5238359157118,73.8396481756949
18.5268903451912,73.8489577637184
18.5277780959299,73.8480825810327
18.5400080910459,73.8453473453986
18.5295649344153,73.8528960395284
18.5362827606161,73.839177096326
18.5271681709663,73.8508772286802
18.5308527632456,73.8395988706684
18.5375911756843,73.8430597515777
18.533733640268,73.8443267546032
18.4732987946906,73.8718087889473
18.4696428246205,73.859152163053
18.4629654354892,73.8614058884558
18.4680785547385,73.8679646863269
18.4661844161715,73.862202782005
18.4685575660968,73.8731018958937
18.4645801372356,73.8612594424207
18.4675498449888,73.8593115712472
18.4622620290636,73.8604492244938
18.4669727551746,73.8678444606101
18.4630406442417,73.8698636393165
18.4643771144355,73.8615989647858
18.4657040254615,73.8702943431436
18.4735074814077,73.8600992207172
18.4695058483077,73.8723119087148
18.4717218907212,73.8680387411029
18.4689920547256,73.8666904048589
18.4664242882025,73.8722338246159
18.4733982601712,73.856112674587
18.4672580772334,73.864820834184
18.4653695486202,73.8575469557513
18.4728726318141,73.8686407500471
18.465619991694,73.8563533968644
18.4666264284422,73.8627492055228
18.4632601466634,73.8709494534234
18.466592178353,73.8694557299563
18.4706770523041,73.8667765082935
18.4759908399635,73.8687722811282
18.4734422874111,73.8637111750141
18.4649905988377,73.8686097694676
18.4744699378605,73.8639893914882
18.4705400773229,73.8654186494451
18.4698449892788,73.867683211637
18.4713990402067,73.8585714443679
18.4776735643712,73.8646884364725
18.4654783988865,73.8682864025962
18.4656135636652,73.8701449358483
18.4748349952163,73.8708286650771
18.4736815778257,73.8614726161297
18.4632367955237,73.8589652885081
18.4751999822691,73.8654344849035
18.4736490370197,73.8610108684524
18.4686024988221,73.8623885101368
18.4765919831187,73.8599966227607
18.465910819935,73.8570625368667
18.4669072801543,73.860502574991
18.4664149662585,73.8634966063041
18.4720941277562,73.8607673635331
18.4659491048773,73.8576184056434
18.4712944911372,73.8689416640024
18.4697027398149,73.8597410987245
18.4743092635529,73.8576953705972
18.4693903266628,73.8648684616869
18.4631700763744,73.8643481453508
18.4725262828312,73.8589003297899
18.4685135101631,73.8687733548418
18.471464146094,73.8677954874433
18.4773080155659,73.8614196181858
18.4705592632429,73.8671415916248
18.4764931238876,73.8608852576368
18.4693140365956,73.8652111416977
18.4744567049334,73.867642891549
18.4651094396342,73.8667328016302
18.4652117758239,73.8706106869189
18.4700490234112,73.8670225348105
18.4754577381012,73.8685669791525
18.4728706703489,73.8650818701983
18.4663603759985,73.8590016819143
18.4632586247159,73.8635748584558
18.4978188922412,73.7596150258825
18.5008064862697,73.7571842107994
18.5045229145915,73.7512502763608
18.4993710538133,73.7565217490963
18.4969620235916,73.7473496759369
18.5049106079664,73.7553785452539
18.5041919222506,73.7508241550132
18.4985773569995,73.7493512357222
18.5070319560252,73.7547392788934
18.505211445455,73.7540432402644
18.4989615944435,73.7530756296839
18.5024646374568,73.7419070627921
18.4992481887499,73.7550938794849
18.4982544849506,73.7552238753016
18.4957955905598,73.7525111409149
18.5083523945254,73.7551947558124
18.5057861392978,73.7528871756228
18.4977933666417,73.7489454013175
18.4953310038811,73.7533189141651
18.5035975852079,73.7445350679884
18.5007928213488,73.7582213538606
18.5068654650844,73.7442821197442
18.5004826031113,73.7471162701287
18.507326591564,73.756956786025
18.5044567379856,73.7592203890609
18.5006476592806,73.7451128998788
18.4982680929342,73.7460348447104
18.5069919651775,73.7499047549419
18.5003350118619,73.7515757903493
18.5043453645657,73.7525196023778
18.5025462815924,73.7494080140451
18.4936697585808,73.7513545052002
18.5000120669313,73.7467663215235
18.4940427214435,73.7535756837024
18.4997201757788,73.7469433950061
18.4926457964863,73.7519980296471
18.5044730204868,73.7569468535397
18.507528364618,73.7451899648769
18.4982254865467,73.7439233668258
18.4994452035249,73.7548545624532
18.4964247949016,73.7581668842053
18.5024101789716,73.7534742422264
18.5037667991393,73.7453970880511
18.5046024370135,73.7579568739252
18.5005615589573,73.7513212748867
18.5036506841175,73.7425010465721
18.5079980350167,73.7567588826459
18.505715075211,73.7566648013996
18.5040144281406,73.7489816689301
18.4928503911262,73.748440706406
18.49606612568,73.7490442945773
18.5043508141991,73.7498344914396
18.4931266191617,73.7546147610357
18.4877005966937,73.7157642149137
18.5010704403528,73.7276569329767
18.4945467033606,73.7151445533931
18.501881162625,73.7251434338553
18.4978198577265,73.714050300793
18.4961300796219,73.7155388164683
18.4912357246818,73.7288022166405
18.4987560984011,73.7197381921572
18.5000395630047,73.722713066495
18.5018811229331,73.7181480087763
18.4900470852024,73.7224905080957
18.4969946656125,73.7156055455883
18.4951011195114,73.7272055958462
18.5010088870681,73.7163441174162
18.489906465173,73.7252099722024
18.4998160988794,73.7175129608063
18.4949700191956,73.7186034340246
18.5032519292445,73.7211969760327
18.4934251268495,73.7212289763702
18.4950953704883,73.7126985119973
18.4905939499695,73.724206771878
18.4965793729306,73.716263669163
18.488033071976,73.7177857881368
18.5013010789024,73.7162826658965
18.50122020776,73.7175735184568
18.4870166545042,73.7199399990357
18.4932533710239,73.7161105833012
18.4953542086618,73.7130119173554
18.496245098792,73.7250483770096
18.4911456494142,73.724187172371
18.4966961050112,73.7240566285392
18.4942725797945,73.7295344837465
18.4909862190383,73.7252585143715
18.4975993999427,73.7279065079147
18.4884389344152,73.7274124540964
18.4915905850005,73.7142232910269
18.4974371863492,73.7247705302538
18.4914992332574,73.7216755287215
18.4940648019292,73.7291902386342
18.495498277369,73.717391792417
18.487602880907,73.7197871601138
18.4902286757607,73.7232704524596
18.4915571066453,73.7307558019061
18.4983526007503,73.7269213887577
18.5016013137696,73.7245011513108
18.4956191576766,73.7252324849394
18.49819829616,73.7295633467356
18.4909012522346,73.7195802321056
18.4955223308798,73.7261519600375
18.4568320872747,73.8543073576056
18.4633364553013,73.8540994162592
18.4696240323885,73.8516174264964
18.4696738743758,73.8492224785329
18.4681144812875,73.8557593695221
18.4595036270656,73.8613762023967
18.4680767107998,73.8460000254169
18.4632886906337,73.8549687627647
18.46582688764,73.8555095999803
18.4568864663277,73.8541756328736
18.4691275890054,73.8604530155166
18.4711429973838,73.8611151991056
18.4725733517129,73.8594164149581
18.4696503247049,73.8495680082978
18.4578050115471,73.8520212527645
18.4582259266236,73.8530303632364
18.4675565023396,73.8633789435318
18.4579770008978,73.8564217845817
18.4585605393452,73.8582649631409
18.4715484203363,73.8576212438176
18.4706872620893,73.8481232088813
18.4638621837661,73.8496828078228
18.4634822737064,73.860543613218
18.4599792952991,73.8614498865204
18.4643392132402,73.8625434486284
18.4699635192885,73.851603608834
18.4604015347054,73.8618443706081
18.4686905681929,73.8468216426518
18.4729961963735,73.8514929954547
18.4624289995018,73.8516935453965
18.4635176989302,73.8509809274523
18.4710825847486,73.8509074426804
18.4628106058308,73.8562715820071
18.4739551243872,73.8541425458356
18.4678861043417,73.8540319514664
18.4573282410948,73.8553717871294
18.4632509855001,73.8502646881215
18.4607717144988,73.8493589030941
18.4634173948679,73.8571528831498
18.4655103314256,73.8498630283282
18.4665921406919,73.8602410020066
18.4651640651207,73.850907514029
18.4658012312503,73.8475909575175
18.6025936418815,73.8923892230599
18.5993961540323,73.9048384759551
18.590703470862,73.8997947897397
18.598161519579,73.8994242787059
18.5929592023205,73.9042482959333
18.5901374397036,73.9011046035139
18.5965869174444,73.9020680645309
18.5892863926802,73.8971267382195
18.5928781075886,73.8915760306005
18.593655947304,73.904739138645
18.5923878672003,73.8974567409555
18.5911437573585,73.894017549863
18.5914386919308,73.9022806269073
18.5992474892673,73.8917246866316
18.5931508376247,73.8954660563223
18.5967735077956,73.8962411308645
18.5931369803237,73.8907119263104
18.5981770236218,73.9043723434602
18.6028055182124,73.9010109083405
18.6015512717342,73.892821099797
18.599598903734,73.8965160433975
18.5915353203992,73.8975403653273
18.5923899276531,73.9047351778028
18.5925410641318,73.8968799908338
18.5987976731674,73.9009551697799
18.6000426922251,73.8948896469093
18.599660060723,73.8909990273349
18.6028924807061,73.8930171920091
18.5912921423635,73.9018724893085
18.5903974603122,73.8903554580733
18.5908682475174,73.9012090048691
18.5956694191365,73.8917325759495
18.6011488507457,73.9033312791652
18.6012537644952,73.8947158690774
18.5915322020735,73.9007733227637
18.5969687776362,73.8936895898194
18.5997386606849,73.8886246823731
18.5963581794651,73.9006772694906
18.5998258739341,73.899246387097
18.5981246488879,73.8985618529126
18.5934228502897,73.8920506865521
18.5973904415967,73.9038668119711
18.6004841120333,73.8970199954729
18.5953335306975,73.895357934994
18.5978354813906,73.9031222786544
18.5982248008869,73.9056102349112
18.5961146138305,73.8926968149614
18.6018776648299,73.8908914275954
18.595397438538,73.9038988313645
18.5941380809651,73.9004119201325
18.5939760694385,73.896465678648
18.5947547537602,73.9049388697809
18.60394035987,73.9019611891722
18.5932677627447,73.9003693505926
18.5955927017908,73.8932914271208
18.5978025374413,73.9013784001737
18.5907984501285,73.8996650209118
18.6005418030737,73.9035494722055
18.5898175843743,73.8969643646734
18.5952606835839,73.8993767748888
18.6006655295807,73.8919783332412
18.5956984871654,73.9001812131765
18.5912966517984,73.8901413180108
18.5939960146843,73.8993212629987
18.5956948731101,73.9039228339621
18.5081306719599,73.8374594002274
18.5136469385648,73.8384572386915
18.5023458425137,73.8334300253267
18.509565925008,73.8387416471315
18.504415731586,73.8262198272118
18.5002462773591,73.8333055680478
18.5055812134647,73.825726005081
18.5093918357938,73.8264050324082
18.511159567417,73.824083455278
18.5017248813188,73.8294621235286
18.5010003303058,73.8333692439415
18.5093231635724,73.839062884335
18.5020123345698,73.8275709199626
18.509920704451,73.8375581405135
18.5068242101603,73.8252799485969
18.5049171512166,73.8296787137169
18.5163902637433,73.8333663159684
18.5090578120422,73.837195736364
18.5070776109378,73.8406506123709
18.5016272010488,73.8271508789522
18.5027551806694,73.8286407853893
18.5079475793437,73.8364043519751
18.5155931220698,73.8365935619282
18.5080197474851,73.8231559527326
18.5124920788571,73.8309952078023
18.505934963641,73.8378378420688
18.5090582357463,73.8230424113709
18.5057077701743,73.8329169265805
18.5137080779503,73.8275950546721
18.5114019657224,73.8301385421108
18.5123526413991,73.8331838189159
18.508621755298,73.8294039846984
18.5129262036168,73.8291785289473
18.5052339628582,73.8379742763135
18.5097374627902,73.8250311439987
18.5012943316824,73.832641074374
18.5047884730993,73.838641001798
18.5159160623746,73.8342880319028
18.5132551735647,73.8329346138649
18.5067210635013,73.8287826244398
18.506257754631,73.8365016420358
18.5005747230319,73.831684064095
18.5124758831884,73.8388194110873
18.5160670455139,73.8277535404982
18.5081185778823,73.8408426339823
18.5114494572877,73.8226297947156
18.5050989197157,73.822967657707
18.5050281445293,73.823536656522
18.5051001939229,73.8396267553764
18.502966339761,73.8320351345842
18.4686410725985,73.9791418675557
18.4796255734709,73.9766284480926
18.4638798048446,73.9779296779223
18.4667350986168,73.973481878141
18.4646844681597,73.9759303779336
18.4757544169098,73.9796774576528
18.4797465142624,73.9744868832873
18.4766042736886,73.9715282716494
18.4673565543127,73.9767647774863
18.4645753769,73.9755583453466
18.4705247305862,73.9856533928081
18.4714178660164,73.9803689654525
18.4645949636252,73.9779939935931
18.4675156108438,73.978037516161
18.4650627598874,73.9755585642893
18.4683369680737,73.9706439832732
18.4778897193257,73.9735708816581
18.4682169006915,73.9707004652668
18.4730376826328,73.9698439443627
18.4759058446066,73.9845885742682
18.4730684818563,73.9725066962852
18.4726515231605,73.9768286287148
18.4760547993069,73.9747175835947
18.4662447617928,73.974006724482
18.4749972345089,73.975886007075
18.4709150604368,73.9784622086701
18.4656692214717,73.9770287908397
18.4729039575907,73.9878888946467
18.4687011939133,73.9772561068256
18.4670091890871,73.9850038930173
18.4675779442702,73.9755428275406
18.4775550364892,73.9832523893208
18.4720129061831,73.9745630055027
18.4767899281473,73.9831605929321
18.4751589117725,73.9717472492475
18.481607586958,73.9785260793781
18.4688370403527,73.9833517579036
18.4711994380168,73.9694737068371
18.4702462961405,73.9787953087437
18.4779962534236,73.9820577443109
18.4711233469181,73.9838269075772
18.4764112078509,73.9857794261228
18.4704417073112,73.9847011548898
18.4787494351283,73.9805454133461
18.4741446256035,73.9841016317464
18.4814112381597,73.9796322808884
18.4653434479752,73.9825588547875
18.4687905919719,73.9839783676369
18.4815169172021,73.9774399299522
18.4772363639889,73.9791451793741
18.5180276668612,73.904650348183
18.5316361540143,73.9041585730929
18.5177487509796,73.8993047112001
18.5260579660363,73.9111531719482
18.5233699680015,73.9105329344737
18.5281440968107,73.9054252677199
18.5211597813257,73.9091085369331
18.5227587904739,73.9105700198005
18.5187368044094,73.9056654464231
18.5202765262537,73.8979027141453
18.5183297969271,73.9084288334732
18.5230938621975,73.9123595552272
18.5252526145559,73.9071570694552
18.5259027342286,73.8989483214596
18.5209562650652,73.9117565231502
18.5288186967265,73.9098534604937
18.5204965058262,73.9068788284965
18.5221995722186,73.9035188515506
18.5182969805186,73.9082297570125
18.5287577253318,73.9020832147151
18.5265604025094,73.9030256889657
18.5212704498654,73.8984565412995
18.528797516116,73.9089103940589
18.5182600626469,73.9043761256882
18.5276134731354,73.9059390778204
18.5201195951807,73.8998149278809
18.5286747747619,73.9051356107107
18.517829921726,73.9021165132714
18.5223361560791,73.9127119970963
18.5272590053403,73.9074909738256
18.5260654137381,73.9113461787369
18.5170646787769,73.9107521406063
18.5225515933028,73.9103522149045
18.5162043803406,73.9028722166559
18.5232716308965,73.9062757473436
18.5318382198343,73.9099054548848
18.5233779486715,73.9104221668884
18.5266399230949,73.9109009165707
18.5221936475228,73.9092236953827
18.519903112313,73.9078593662083
18.5303473683441,73.9066442426759
18.5251695433706,73.9096965838135
18.5157171125401,73.9069565269364
18.5222951698145,73.9073335164204
18.5209511785557,73.9053721034579
18.5256977551033,73.9140371657371
18.5222046227869,73.8995523311614
18.5238490611348,73.9030244047353
18.502838056512,73.9196677497983
18.5024488471359,73.9210627870054
18.5019837803259,73.9252554034595
18.5099777294999,73.9247797758092
18.5168687380933,73.928346924195
18.5042386537592,73.9198060683933
18.5076072361471,73.9301595780008
18.5162081097686,73.9224952817052
18.5155102030454,73.9293798490998
18.5071637384827,73.9210219569319
18.5160213504,73.9234807424906
18.5122839400617,73.9276036933857
18.5034747534999,73.9292256213212
18.5161881328897,73.9295273057167
18.5063004664531,73.9233576533388
18.5039173700181,73.9248638829394
18.5063415245064,73.9338103501814
18.5091474897194,73.9225945220153
18.5075469517761,73.9301673664371
18.5111296638701,73.9189499340046
18.5082368392177,73.917608073925
18.5175818876324,73.9277328337275
18.5106789779821,73.9284020190401
18.5131040745684,73.928785229996
18.5029641718593,73.9295068081304
18.5146546460102,73.9328595710944
18.5090667026962,73.9273578276601
18.5105023371667,73.9338278073727
18.5105278706582,73.932816490188
18.5111176996923,73.9344420086776
18.5106143782735,73.9198242410066
18.5082896905026,73.9316528420652
18.5159001844521,73.9266297192672
18.506330059969,73.9181332704466
18.5103431333626,73.9311785247944
18.5168062576444,73.923881559272
18.5142373497083,73.9189079513592
18.5067740794226,73.9347290802841
18.5134832922243,73.9294158457634
18.5140024223156,73.9305877165542
18.5103741562312,73.9170835392001
18.5082944018721,73.9300421503627
18.5037893832972,73.9314644804934
18.5102078060547,73.9249067212831
18.5120924129083,73.919373472609
18.5156938419515,73.9252992774914
18.5090401536355,73.9177200484025
18.5087226462275,73.9256479972321
18.516387849804,73.9288362448748
18.5031071941794,73.9330758309284
18.5108549645679,73.9344565393407
18.5144798808205,73.9308016542943
18.5135774136422,73.9326937711684
18.5028522541152,73.9318254307448
18.5016490733145,73.9286118716957
18.5091662625982,73.9174797520687
18.5036999995931,73.920786852316
18.5019041539056,73.9298859335444
18.5028108999132,73.9235641920737
18.5085073244648,73.9283922925306
18.514419973383,73.9298192138484
18.5042378683751,73.9309668615652
18.5042900213715,73.9309540333646
18.510562577012,73.933906590874
18.5068641981631,73.9270826582272
18.5052942839598,73.9270677369275
18.5005143629642,73.9228276377326
18.5104835163893,73.9198451783031
18.5162404115459,73.9266655906972
18.5116249978716,73.9240170978214
18.4812591761105,73.8283722297491
18.4781243893931,73.8340339579171
18.4812944255585,73.8373452919941
18.4818052847029,73.8335239344703
18.4812023343343,73.8241978687917
18.4871945358305,73.8283299737723
18.4825194208185,73.8359072815039
18.4852865967106,73.8348343995504
18.4873120158561,73.8216522777078
18.4817562764857,73.8360454797799
18.4752413451015,73.8255890782913
18.4793086185885,73.8283142383857
18.4859067510663,73.8236584385074
18.4908405169895,73.8271679189159
18.4816752682899,73.8232135809905
18.4754381323389,73.8342791651767
18.487656540077,73.832787105459
18.4862188611024,73.825653290304
18.4862731195529,73.8316152622789
18.4825942510718,73.8342269544747
18.4733830567263,73.8264032642946
18.4802284227759,73.8188044584545
18.4812099162635,73.8348425418114
18.4882396995802,73.8223622557953
18.4798154962841,73.8248160027142
18.4791220368407,73.8301869281731
18.4789955924999,73.8199902391483
18.4753227229393,73.8339643939232
18.481996048836,73.8292000029077
18.4837461316182,73.8233477780692
18.4822255784056,73.8205949895412
18.4761636419432,73.8332544625595
18.4817803662879,73.8215240103231
18.4843192252514,73.8226048239596
18.4819268510364,73.8185393752501
18.475446273634,73.8223141623367
18.4865139556496,73.8322322291724
18.4899903594845,73.8254230142874
18.4822568690753,73.8196392536672
18.483148451671,73.818923880999
18.4787779711698,73.8217430688372
18.4760164046808,73.8244134136833
18.490490900797,73.8308954773494
18.4844961707552,73.8323019500958
18.4856725326206,73.8273593175934
18.4845142963484,73.825223502325
18.4799326747827,73.8293633146989
18.4831972843776,73.8361324377486
18.4875057095434,73.8323906521982
18.4734994577236,73.8250534772283
18.4833080220632,73.8329391231458
18.4789273955681,73.8272485474944
18.475023050476,73.824581307992
18.4855809688216,73.8210922307403
18.4810955902713,73.8255216709575
18.480868724412,73.8204979364536
18.4830399917848,73.8318769251922
18.4762819598871,73.8320674659385
18.4741689529493,73.8314260165483
18.4780924197612,73.8361311590566
18.4966359370983,73.8266923754778
18.4853026303619,73.818384569868
18.4879747739255,73.8184718408548
18.496497694678,73.8180856394495
18.497145788928,73.8156219214067
18.4939719699656,73.8234807627142
18.4945284816246,73.8164282903992
18.4890074006486,73.8291875377514
18.4949853076445,73.8179803082546
18.4917682269148,73.829651291479
18.4952721605239,73.8294627659475
18.491537332058,73.8143492054104
18.4978419369539,73.8219154531364
18.4981756110648,73.8205824410608
18.4945794035686,73.8226848547674
18.4987711224991,73.8183953480286
18.489933406449,73.8188583975228
18.4939760860898,73.8227964309518
18.4859722307747,73.8194108205629
18.4960684387802,73.8285657541495
18.4948975940605,73.828770129007
18.4914640694574,73.8268971801577
18.4910738779357,73.8165145691643
18.4910559218924,73.8245492167912
18.4973985604769,73.8148091481626
18.4974449360275,73.8257467038971
18.4927049071434,73.8234002049636
18.4937664489816,73.8160770259262
18.4916119546522,73.8182488100834
18.4935924865824,73.8219782308891
18.4888553655266,73.8140094370841
18.4982085708013,73.8160992515238
18.4951913570533,73.8151120784039
18.4871313564914,73.8204969128773
18.4956387401891,73.8173680810576
18.4955102993892,73.8260967048363
18.4898739241017,73.8286137445095
18.4936347911203,73.8183965498037
18.4898645887198,73.8137893290227
18.4921646277054,73.8305403528607
18.4836342020214,73.8226757887708
18.4895693042533,73.8208454292198
18.4995593443319,73.8258810319237
18.4856891963223,73.8268153380777
18.49406402493,73.8136767605383
18.4974283910129,73.8245414140496
18.4840500374106,73.8203328578807
18.4841181410694,73.8257018377879
18.4933512996141,73.8280556687024
18.4891297808652,73.8267913025426
18.4843932767845,73.8188421823734
18.5742718781164,73.8726947004403
18.5763087718156,73.869734714379
18.5775019618197,73.8691070627546
18.5742504912896,73.8777661028756
18.5865725258889,73.8738709988578
18.5814853293216,73.8810995267738
18.5847042701997,73.8657769190946
18.580025404148,73.8817738342457
18.576121468115,73.880525265496
18.5780763122234,73.8761864749047
18.5757174523885,73.8701896980458
18.5834277532235,73.8690230264749
18.5842116416345,73.8757618277499
18.5818260891196,73.8729716172463
18.586536645381,73.8794616095939
18.5832734058466,73.8668356272853
18.5747943186059,73.8770462810552
18.5725116758401,73.8708715970828
18.5754248825701,73.8750956719677
18.5857023796043,73.8764771717384
18.5800452656299,73.8824128490125
18.57910723654,73.8758656995355
18.5780794083548,73.8781167601369
18.5759351120665,73.8747080664985
18.571894080473,73.8707926392248
18.5869632207337,73.873536039256
18.5769602822584,73.8680637960683
18.5772739226151,73.876208155152
18.5859212960305,73.8684218834557
18.5764373228285,73.8669829758466
18.5813760472807,73.8814583921911
18.580371018489,73.8785143256438
18.5750249231229,73.8716333917403
18.5859105332371,73.875015824858
18.5801969042997,73.8661897410374
18.580191323993,73.8664659504114
18.5723279011663,73.8750774564776
18.5838440184759,73.8822498083287
18.5845709481444,73.872282373239
18.5768470924436,73.8795935826912
18.5882790215756,73.8756681891488
18.5767280165302,73.8743519796444
18.5789512991839,73.8788138555839
18.5855017250103,73.8671613636847
18.5746587013442,73.870778612797
18.5837883351172,73.871526396573
18.5808247003184,73.8716928875745
18.5843537577996,73.8709676420506
18.5819449051157,73.8779008815386
18.5771658141666,73.875568585439
18.5767848924458,73.8688259454649
18.5765829552584,73.866976183545
18.5722523833116,73.8763286356458
18.5850066407891,73.8659815732824
18.5750830702292,73.8729871268416
18.5766831738838,73.8670551084748
18.574453991069,73.8805365187164
18.5841195202372,73.8734469330664
18.5816077873354,73.872073600251
18.5779419365849,73.8733213539353
18.5770254218705,73.8708458688144
18.5733082107028,73.869753284156
18.4577378145414,73.8658677313197
18.4528038751216,73.8567324341373
18.4546063565249,73.8704170140768
18.4569335206397,73.8732197294074
18.4558372760259,73.8709705955932
18.4575025904173,73.8702596933063
18.4550941834626,73.8677219390177
18.4472745400994,73.8640738359417
18.4507371736016,73.860406607681
18.4501273162415,73.8678905165392
18.450964669046,73.8660962391563
18.4541647740855,73.866234106004
18.4483557991151,73.8588580280878
18.4543565009172,73.8691220629381
18.4561046622772,73.8697180122015
18.4521333000187,73.8695766152372
18.4569730896303,73.8591837255221
18.4539182008537,73.8645665446235
18.4498283023188,73.8713687172908
18.4584217003857,73.8707859062992
18.4520747343778,73.8583410620659
18.4572922963616,73.861855209717
18.4504620344856,73.8685770929313
18.4590429894195,73.8680603634133
18.4484228382699,73.8609010077977
18.4461388958783,73.8701511910823
18.4548989188404,73.8722611005448
18.4511956621117,73.8606360417827
18.4585991019934,73.8669059519265
18.452823879815,73.8697155210528
18.45799666796,73.8586879901523
18.4562359017258,73.8671780856615
18.4492344245131,73.8700848959735
18.4593625567811,73.8686164970056
18.4483509673432,73.863700549057
18.4519198751353,73.8659413526806
18.4540561231581,73.8743458949856
18.4587067886255,73.861074921536
18.4544304498858,73.864105924128
18.4587762697673,73.8600237352284
18.4554011163303,73.861669561884
18.4480207368524,73.8709252811748
18.4503765462169,73.872416079011
18.4452196504635,73.8635836236982
18.4485848148564,73.8735134002969
18.4501710005058,73.8713041177971
18.4513490439801,73.8694340381658
18.4570342205786,73.8721266362713
18.4470893170772,73.8654277811971
18.4493357132291,73.8653452483077
18.4543971145787,73.8579495122764
18.450849043564,73.8667512410883
18.4532229190769,73.8716879176249
18.4509081065261,73.8616965733547
18.449357472635,73.8621098720438
18.4499764078243,73.8733819800485
18.4539619368335,73.8716479316871
18.4484122893455,73.862891842204
18.4504507891624,73.8687592036441
18.4550225564484,73.8573372455138
18.4598966291482,73.8701899944803
18.4513927675206,73.8654693406594
18.45056386494,73.8631877571764
18.4601092899883,73.8651996368097
18.446579320591,73.8620649304778
18.4477016484245,73.8688474800553
18.459857904523,73.8701768870569
18.4494198138957,73.8608274420257
18.5587406530279,73.8577445218604
18.5562647762117,73.8559254841091
18.5644822297277,73.8609616403571
18.5670072620388,73.844531505018
18.56476147613,73.8522271093808
18.5587793536572,73.8567236589202
18.5669404867482,73.8465439056096
18.5667393571274,73.8485615489636
18.5645422242567,73.8615659750557
18.5652509451105,73.8529187934865
18.5568638873495,73.8551645986712
18.5640159048587,73.8548047261125
18.5587660762148,73.8498531505329
18.5617870658471,73.8612127131978
18.5562361086886,73.8491605868292
18.5568649721112,73.8568580842443
18.5625075682904,73.8443801392241
18.5629287979673,73.8539662782879
18.5690821468763,73.854058953633
18.5647404163814,73.847803756469
18.5606583657586,73.8456405937399
18.562911267664,73.8464721916232
18.5664192639495,73.8441283764552
18.5568843512883,73.8547274328611
18.5684733062898,73.8518701381507
18.5628072175391,73.8471870892457
18.5635743901173,73.8599588355977
18.5585874801072,73.8539852617705
18.5588705979695,73.8580761165268
18.569776054382,73.8518186314001
18.5623254414586,73.85987110075
18.5622383736754,73.8493011972947
18.5608242821354,73.8526612415577
18.5581022980872,73.8506609486258
18.567246476762,73.8476207899049
18.5692372421702,73.8499565180824
18.5589549750329,73.8575973605501
18.5614925698921,73.856001354983
18.5568126228098,73.8497510261082
18.5630770965029,73.8568656076859
18.5591963952877,73.8507472017085
18.5699691866617,73.8549199547955
18.5672058414167,73.8594844010861
18.5592703626992,73.8593751939719
18.5686165762759,73.8553914968377
18.5655681919117,73.8447070707829
18.5615835012027,73.8602677103001
18.5643347291393,73.8613872741886
18.5619227037148,73.8559213525234
18.5618787574688,73.8610334272732
18.5691512586514,73.8490810785256
18.5672028489137,73.8476226315367
18.5608916152,73.855555001768
18.5692496512365,73.8570659804916
18.5609855347194,73.8484079548802
18.5671499703271,73.8458470854124
18.5555865276378,73.8547620765529
18.5625074858145,73.8526611550469
18.5624761653035,73.855616019743
18.5629081737188,73.8595100093497
18.5612188592686,73.8573233817826
18.5694284176822,73.8503600894153
18.5551374409206,73.9559619729878
18.5595902335206,73.9507854140609
18.553107011892,73.9427033021187
18.5451142836921,73.9477706696815
18.5621469414391,73.9510244385324
18.557113544531,73.9393380076135
18.5463796628962,73.9521401731717
18.5511958970242,73.9502595604097
18.556362005713,73.9415240808416
18.5533080904065,73.946131821293
18.5515554222504,73.9426496116567
18.5546776543538,73.9438358379296
18.5515705694301,73.9442576279831
18.5568980522132,73.9404867481456
18.5456095584867,73.9446319075941
18.5543313431525,73.9383019987223
18.5520891258448,73.9506728203657
18.5544023777361,73.9470130911649
18.5531808988512,73.9524787047347
18.5516860387482,73.9393979862796
18.5554258570537,73.94786558473
18.5484440259102,73.9515037659631
18.5576723121169,73.9558681759182
18.5520915717221,73.9463312438316
18.5518820089022,73.9459203433054
18.5506889910904,73.9404617917074
18.553767172585,73.9531164615439
18.5537690454375,73.9467823920299
18.5502911546701,73.953507363077
18.557586236921,73.9502141994176
18.5467094641768,73.946169622289
18.5457782161363,73.9476504117621
18.5540783462552,73.9545106105019
18.5530837292416,73.9404211177157
18.5536296450898,73.9562337495393
18.5625981749501,73.9467983167433
18.5604265951967,73.9423543897392
18.5602668759065,73.9524877191149
18.556299410673,73.9527685328751
18.54865435087,73.9470678744456
18.5459748633891,73.9453762138116
18.5490448568647,73.9502099203723
18.5513389010385,73.9455535177309
18.5613499984776,73.9431174161334
18.5571319053619,73.9409367852304
18.5539592023331,73.9512646795205
18.5464010772378,73.9479160610426
18.5616022563074,73.9481701750631
18.5541471195124,73.9507541378422
18.5563407149598,73.9511805937055
18.5453015620936,73.9460978364325
18.5528126815269,73.9471596668247
18.5587028622773,73.9510584708714
18.5502697258865,73.95339412575
18.5514189093482,73.9387211504883
18.5591053797425,73.9494979216618
18.5483327969846,73.941604295795
18.4655032103449,73.8864318159952
18.4652668267343,73.8823621721367
18.4764869344699,73.8845442021134
18.4676942962559,73.8902340602563
18.4672270210359,73.8895872321633
18.4696774229226,73.8894416802403
18.4619207231474,73.8853276361735
18.4736437901432,73.8966223578821
18.4608440777516,73.887900803916
18.4614330667285,73.8887801003182
18.4634017310523,73.8896426786295
18.467143559052,73.891598713591
18.4681343553747,73.8850301150025
18.4747265220436,73.8965892043576
18.4627666797109,73.890906316426
18.4694249925808,73.8936627033765
18.4718640575553,73.8836043870077
18.4670944490369,73.8851439123985
18.4701609824844,73.8953773044746
18.4704756035111,73.8911624124972
18.4670356001765,73.8811118707337
18.4719274335496,73.8857857571749
18.4735471265539,73.8932705827518
18.471658165184,73.8931304994391
18.4617228693757,73.8849815510821
18.4720018964967,73.8955943147988
18.4739740243899,73.8951138235248
18.4699868839977,73.8876406303981
18.4704895812106,73.8836056379352
18.4758079157486,73.8928186762615
18.472324228444,73.8958168428792
18.463630184666,73.8876000840899
18.4704459921229,73.8977612854437
18.4750975932515,73.8892423679147
18.462796805533,73.8942162935613
18.4638002950876,73.8925154369544
18.4740654820935,73.8924584051767
18.4642757182255,73.8886690356012
18.4777881723059,73.886337088539
18.4647098977713,73.8898653976579
18.4647477835427,73.8939970414034
18.4640781524317,73.8912971000643
18.4685831922687,73.8849867946652
18.4674973805814,73.8893573136651
18.4736540365547,73.8862656971122
18.4711414345181,73.8867828526644
18.4724189685178,73.8812357279091
18.4745345614275,73.8828827107757
18.4771535637995,73.8865939424875
18.471263355168,73.8842445626931
18.4711660905316,73.8800532645262
18.4758871452236,73.8945969011225
18.4606435617511,73.8884289022619
18.4698946755881,73.8803055890272
18.4752202930269,73.8832728359139
18.4741634940506,73.8831473224695
18.4698932115627,73.8907823055174
18.4665061722256,73.8805732888081
18.4666423999817,73.8822771392847
18.4720282304094,73.8838675898456
18.4617314779076,73.8930320206408
18.4608053580687,73.8868406465136
18.4700545606564,73.8934163872295
18.53284427,73.92556153
18.52700607,73.93288201
18.52842706,73.93935007
18.53513652,73.92728097
18.53233829,73.92627394
18.53022137,73.92659926
18.52896005,73.93284974
18.53698558,73.92861708
18.53206741,73.92843194
18.53475714,73.93348338
18.5338392,73.93555631
18.52712559,73.92874092
18.53514603,73.92651022
18.53798578,73.94103228
18.53861655,73.93006994
18.52988849,73.93970786
18.52643816,73.93734598
18.54063753,73.93584334
18.52734387,73.93962129
18.53008264,73.92532228
18.53495781,73.92641483
18.53573156,73.93767368
18.52867002,73.93059543
18.53987162,73.92801375
18.53707022,73.93858819
18.52911717,73.9398384
18.52646558,73.9291859
18.54036005,73.93528827
18.52910693,73.92763875
18.5289403,73.92854462
18.52623662,73.92813529
18.53956883,73.93078712
18.52862136,73.93632242
18.52792201,73.92817239
18.53059226,73.93590783
18.52782538,73.9386604
18.53635192,73.92591765
18.53468016,73.94138177
18.52858076,73.93848713
18.54031342,73.92782432
18.53302852,73.93016671
18.53486456,73.92572072
18.48277441,73.91620364
18.46846922,73.92045657
18.48447215,73.91368529
18.47710035,73.91893932
18.47923635,73.90810207
18.47545606,73.91832209
18.47484629,73.92416838
18.47432262,73.91125339
18.46972696,73.92240991
18.48207206,73.91944315
18.47362018,73.92043339
18.48081868,73.91178779
18.47572717,73.91905721
18.4679201,73.91209002
18.47088154,73.91676319
18.46896308,73.91132431
18.47534404,73.90766076
18.48068942,73.9173192
18.47504167,73.92405918
18.47636862,73.91506802
18.47733188,73.92256025
18.47616396,73.91126662
18.4763794,73.91838174
18.47486019,73.90756861
18.46994265,73.9139732
18.48403491,73.91715123
18.47651609,73.91157085
18.48209046,73.91539066
18.48070762,73.91328066
18.47515583,73.91264781
18.4780706,73.91553166
18.47111312,73.91704256
18.48480666,73.91510981
18.47779675,73.91486466
18.47193075,73.91492493
18.4750698,73.92128986
18.47445958,73.9101386
18.47832605,73.91286957
18.47495084,73.90739531
18.48058909,73.91296185
18.47537325,73.91518036
18.47608647,73.91951201
18.4757477,73.91878495
18.48023539,73.91192029
18.48342829,73.91313842
18.47994198,73.92186988
18.48114212,73.91576225
18.47571723,73.92508775
18.47679994,73.90979949
18.48268222,73.90987424
18.47383142,73.91863237
18.4801875,73.92095674
18.46792523,73.91977157
18.47514619,73.90812294
18.47034293,73.91703836
18.47932382,73.91331261
18.48352442,73.91718577
18.48448983,73.91271411
18.47218345,73.90747359
18.47537715,73.92019689
18.47198104,73.91752002
18.47148279,73.91597103
18.47941057,73.91874305
18.47092222,73.91227227
18.47297453,73.92365512
18.47186259,73.91619333
18.47315884,73.91189039
18.48476945,73.91669775
18.48208689,73.91035433
18.47360696,73.92039452
18.67047865,73.97347595
18.68257885,73.97686769
18.67886296,73.98607042
18.66921689,73.98551259
18.68081607,73.97932075
18.6699056,73.97524333
18.67671875,73.97293526
18.66822844,73.97296857
18.68168441,73.9826336
18.67586696,73.9801846
18.67537544,73.98854798
18.66943447,73.98465757
18.67102212,73.9756863
18.6815538,73.97581407
18.67602064,73.97917446
18.67700125,73.97607248
18.67959636,73.98620222
18.67926261,73.97250796
18.67660172,73.98029178
18.67118291,73.98078765
18.67343252,73.98631917
18.6766043,73.97867155
18.67291996,73.97310853
18.68094406,73.98266383
18.67632295,73.9758376
18.68069186,73.98068471
18.68058002,73.97746499
18.67756497,73.97851804
18.66959414,73.97959548
18.67999444,73.97601553
18.67175877,73.97443869
18.67492091,73.97593165
18.67564809,73.97114813
18.67037086,73.97106175
18.67823068,73.98564878
18.67367556,73.98146899
18.67581785,73.97758427
18.67130926,73.97652462
18.6765646,73.97098189
18.67902604,73.98413265
18.67477881,73.9861288
18.67967061,73.98596936
18.67984864,73.98481829
18.67294085,73.9852931
18.67164292,73.97870672
18.66899343,73.98552981
18.68070776,73.97782295
18.67580263,73.97226549
18.68315935,73.98145539
18.66946177,73.98378526
18.67275462,73.98623357
18.67239247,73.98159962
18.67094499,73.97078229
18.67145367,73.98585397
18.67030035,73.98589528
18.6812186,73.97453011
18.67257081,73.97095939
18.66863945,73.9853888
18.67867644,73.98090096
18.66734743,73.98205698
18.67952876,73.97965009
18.51677858,73.98633134
18.51564833,73.98190527
18.52978553,73.98764529
18.52737656,73.98227516
18.51981692,73.99341172
18.53006929,73.98139341
18.51751539,73.98738764
18.52182774,73.98038613
18.51588322,73.98286077
18.51878961,73.99325177
18.52681174,73.98079151
18.52663452,73.98496319
18.51872501,73.9928193
18.51903563,73.98763655
18.52633987,73.99187902
18.51602874,73.98005409
18.51838224,73.99310916
18.52626934,73.98835233
18.53127664,73.9854689
18.52525979,73.97921487
18.52669007,73.9783298
18.52242754,73.9761503
18.52879718,73.98659746
18.52411357,73.97821636
18.526818,73.97811203
18.52877653,73.98681167
18.5183157,73.97792655
18.52205374,73.98818178
18.52278951,73.98138209
18.52848845,73.98766227
18.52161427,73.98397605
18.51780604,73.99272506
18.52928986,73.98701992
18.52732313,73.97719321
18.52570937,73.97997311
18.52135365,73.98652286
18.52063852,73.9860615
18.52306107,73.97624042
18.52795901,73.98155498
18.52936312,73.98008815
18.51867435,73.98313084
18.51617815,73.9810131
18.52563804,73.98254708
18.51558646,73.99007449
18.52201293,73.98756671
18.51879427,73.98421446
18.52937066,73.99081656
18.52752941,73.98054393
18.53127774,73.98647459
18.5287466,73.98371735
18.52153348,73.98472542
18.51607623,73.98657226
18.52504451,73.98806894
18.52704911,73.9802432
18.51918611,73.97935255
18.59603029,73.93233564
18.59172185,73.93037593
18.5983161,73.91974106
18.59658004,73.92999555
18.59316219,73.93415073
18.59443525,73.93558035
18.59791498,73.93204633
18.58904558,73.92423009
18.60359387,73.93313716
18.60057486,73.92045022
18.59961749,73.92588119
18.60290154,73.92901028
18.58837591,73.93034649
18.60369997,73.92454085
18.59991137,73.92708686
18.60507172,73.92864994
18.59834795,73.92706446
18.58876518,73.92496588
18.59816033,73.9218355
18.60262174,73.93015684
18.5916748,73.91932131
18.59866194,73.93455141
18.59331079,73.91994054
18.59477656,73.93562362
18.60239371,73.93417429
18.58980471,73.92309009
18.58909605,73.92727217
18.60038861,73.92801232
18.59762559,73.92446442
18.59431243,73.93389787
18.59236622,73.9204508
18.58952908,73.92935814
18.5963172,73.92650906
18.603148,73.93022393
18.59395689,73.93141317
18.59655569,73.93398287
18.5956436,73.925837
18.59592013,73.92853592
18.59055346,73.92331401
18.59564059,73.93235014
18.6024559,73.93412617
18.58992308,73.92928487
18.59427773,73.92349944
18.60206917,73.92483252
18.59550488,73.93446776
18.59231321,73.92512992
18.6045831,73.93076133
18.60099541,73.93270548
18.59242814,73.92894026
18.59603137,73.93466241
18.60317518,73.92228333
18.60485943,73.93085534
18.6033834,73.92520758
18.5923324,73.92406219
18.59567709,73.93095728
18.59570053,73.93609574
18.59432368,73.93583246
18.59872398,73.92462505
18.58967946,73.92643207
18.59939251,73.92961024
18.59350939,73.92448937
18.59631466,73.92603562
18.6029995,73.93262248
18.60168135,73.92844235
18.59398219,73.93333107
18.58835,73.92764379
18.59618734,73.93200484
18.60369808,73.92224597
18.59327492,73.91838439
18.50863408,73.80429939
18.50752378,73.80730951
18.51596479,73.80990347
18.51524331,73.80652335
18.51142042,73.81544538
18.50510511,73.81478383
18.50848303,73.8028535
18.50692747,73.8125798
18.50418463,73.80834309
18.51610927,73.80610679
18.50740714,73.81148828
18.51624575,73.80934494
18.51508983,73.81446132
18.50291263,73.80593697
18.5145544,73.81192476
18.50503059,73.80688198
18.50631868,73.81478795
18.51052606,73.79932376
18.51418628,73.80804458
18.51579857,73.80790756
18.50079895,73.80802076
18.51002173,73.81547221
18.50512598,73.8162993
18.5035492,73.80850187
18.50836156,73.80183369
18.50683418,73.8089772
18.5037702,73.81568362
18.51414079,73.81008103
18.50995129,73.80074977
18.50789339,73.81319768
18.51172657,73.80051227
18.51488958,73.80416717
18.50046309,73.80465587
18.51058466,73.81003988
18.51110629,73.80808817
18.51665399,73.80716103
18.51324544,73.80938299
18.51242937,73.81037168
18.5039191,73.81127019
18.51108715,73.80505938
18.51116353,73.81049108
18.51124611,73.81228588
18.50063325,73.80588156
18.51310135,73.80689902
18.50483174,73.81592691
18.51172121,73.8049099
18.50711757,73.80435448
18.51593183,73.80427275
18.51368121,73.81217184
18.50018023,73.80552446
18.51417092,73.81372965
18.51089754,73.80895102
18.5048741,73.80267623
18.51159877,73.80411854
18.50637217,73.81570127
18.5088261,73.81326299
18.51049538,73.80277872
18.50330282,73.81118901
18.50343494,73.80788611
18.53316127,73.89501621
18.53307244,73.89333176
18.53967073,73.89461669
18.53544421,73.89312135
18.53330556,73.88668052
18.53948091,73.89276875
18.54252712,73.90092289
18.53805482,73.89070222
18.53164015,73.89496019
18.53572273,73.89139593
18.52888329,73.89550667
18.52950921,73.89832316
18.5441189,73.89056351
18.54194623,73.90017724
18.54274893,73.8986343
18.53740329,73.89550779
18.53375064,73.89186425
18.53132518,73.89903368
18.54354866,73.90093753
18.54163104,73.90109417
18.54515316,73.89399878
18.53538092,73.89156151
18.52985998,73.89878677
18.53633112,73.88904427
18.53062762,73.89378757
18.53953401,73.89366909
18.53882777,73.89525498
18.54255428,73.89014975
18.53823819,73.88833648
18.54435327,73.8957013
18.54280092,73.89535752
18.54244381,73.89184583
18.53098281,73.8894688
18.53775502,73.89835398
18.54344602,73.8904761
18.539,73.8855125
18.54114897,73.89623702
18.53025331,73.89173119
18.53351305,73.89988316
18.53838161,73.88688343
18.54219301,73.89454045
18.53267203,73.89152785
18.53065348,73.89004315
18.53346577,73.89609042
18.54144848,73.8995505
18.53756698,73.89454186
18.53449236,73.90137795
18.53081655,73.89489952
18.54395914,73.89064036
18.53749918,73.89068047
18.54596258,73.89292394
18.54493984,73.89828909
18.53893132,73.89768242
18.46226722,73.80494645
18.46447565,73.79962695
18.46242908,73.78830512
18.45875336,73.79124201
18.457319,73.7922701
18.46321915,73.80217366
18.45719769,73.79113478
18.45630178,73.79267142
18.46475123,73.79042716
18.46753092,73.80191431
18.46792096,73.79464699
18.46366007,73.79393767
18.45436968,73.79530545
18.45772651,73.79434601
18.46043701,73.79361044
18.45298749,73.79642489
18.45503872,73.79615341
18.4643037,73.79944605
18.46711695,73.79373986
18.46517045,73.79285041
18.45548286,73.79983259
18.45760577,73.78905752
18.46350174,73.79722546
18.45886429,73.79533197
18.46900648,73.79668056
18.46726238,73.79516745
18.45180308,73.7956954
18.45619347,73.79265225
18.45267089,73.80165867
18.46765747,73.80034485
18.46195468,73.78852356
18.46112591,73.80086168
18.45585325,73.79580935
18.45506597,73.79377564
18.4594164,73.7961958
18.45247779,73.79475789
18.45747476,73.79835992
18.46586693,73.79966251
18.45581687,73.80444466
18.45756752,73.7889503
18.46010934,73.79829275
18.45802133,73.79821708
18.46284304,73.79095611
18.4676645,73.80086754
18.46640853,73.79676638
18.45326548,73.79148835
18.46261824,73.79706286
18.46271655,73.79568184
18.46040821,73.80317992
18.46469109,73.79041455
18.45425058,73.80239464
18.45641808,73.80323516
18.45251613,73.79985292
18.45821343,73.79433809
18.50350872,73.8508793
18.49154032,73.84040379
18.49451257,73.85142392
18.49249813,73.85306264
18.49977095,73.85142576
18.49008138,73.85092699
18.50464151,73.84742307
18.49358759,73.85327612
18.49970803,73.84140559
18.49842455,73.85160671
18.49061703,73.84750514
18.49625891,73.84200938
18.50097168,73.84128394
18.5036051,73.84941952
18.49857403,73.84979528
18.50223512,73.84263714
18.50146751,73.8520135
18.50016247,73.85226612
18.50251381,73.84521224
18.4955368,73.83800903
18.49724767,73.84629938
18.48897133,73.84524577
18.49584448,73.83781564
18.49171754,73.84590174
18.50119937,73.84509746
18.49022082,73.84695438
18.49413235,73.85488138
18.50137479,73.84703269
18.50301216,73.8534014
18.49878775,73.85240931
18.49444624,73.854874
18.49496671,73.84322956
18.50092637,73.85088466
18.4944107,73.84838749
18.4941859,73.85031466
18.49075439,73.84239222
18.49306581,73.84129228
18.49660025,73.8544583
18.48941181,73.84685144
18.4973665,73.85473651
18.50069181,73.85036439
18.49950285,73.85219265
18.49655165,73.84874959
18.50269526,73.85446974
18.49629593,73.85008726
18.49881084,73.84320997
18.49477888,73.84239578
18.50412122,73.84710988
18.50644894,73.84145806
18.49854872,73.84758243
18.49292632,73.84176124
18.49938849,73.83692788
18.50001531,73.83054867
18.49952707,73.84773279
18.5014015,73.84236011
18.49572933,73.84639785
18.49330934,73.84001201
18.50427929,73.84288546
18.50288416,73.84031303
18.50396966,73.83303321
18.49418905,73.83266168
18.50217531,73.8316116
18.50821745,73.84165449
18.49236458,73.84281628
18.49590611,73.8334005
18.49491162,73.84131557
18.49251301,73.84167681
18.50388833,73.83525328
18.50667338,73.83784676
18.49941061,73.83962854
18.49757357,73.84472942
18.50095903,73.84749819
18.50622535,73.84222807
18.5001269,73.8368902
18.5066507,73.84047912
18.50738503,73.83741342
18.50228279,73.84355964
18.500938,73.83445986
18.49446524,73.83435492
18.50358818,73.839011
18.50702763,73.83904191
18.50221476,73.84127404
18.50109991,73.83986699
18.49751947,73.83578499
18.49757309,73.84376977
18.49686527,73.83831314
18.50145164,73.84018123
18.49760153,73.83103836
18.50418708,73.83176732
18.49605927,73.83801975
18.49466666,73.83744629
18.49693033,73.84179575
18.50801117,73.84284693
18.49971789,73.83052117
18.49875824,73.8393132
18.50381891,73.84662341
18.50385949,73.83787732
18.50484199,73.83180041
18.49955354,73.84373137
18.49702789,73.84150073
18.4967929,73.83242448
18.50130436,73.83242577
18.50497898,73.83698782
18.49588068,73.84331714
18.50782023,73.84143796
18.49491061,73.84231261
18.50513609,73.84316549
18.50761679,73.84036004
18.4948187,73.83397472
18.49759113,73.844312
18.49269539,73.83666554
18.50295645,73.84509342
18.50314792,73.83072639
18.49919615,73.84737343
18.49504904,73.84391388
18.50567746,73.84245455
18.54904206,73.79573337
18.5426345,73.79109913
18.54044124,73.79811712
18.53821295,73.78525348
18.54389903,73.78552737
18.54033687,73.79385755
18.53320669,73.79458304
18.53659355,73.78907737
18.54196603,73.78519773
18.54035184,73.79393706
18.53267643,73.79500259
18.53885142,73.78491067
18.54296473,73.80001119
18.53834335,73.79639385
18.53870397,73.78772293
18.53450495,73.7886738
18.54515423,73.79854234
18.53592849,73.79137332
18.54627335,73.79441848
18.53266196,73.79154254
18.54329928,73.79271699
18.53877706,73.78889625
18.53357727,73.79742853
18.54596439,73.78965568
18.5394563,73.78448871
18.54938344,73.79444163
18.54158263,73.79795227
18.54355141,73.78438607
18.54147029,73.79847452
18.54425448,73.79871405
18.54769218,73.79270945
18.53777475,73.7968429
18.54716418,73.78910854
18.54082208,73.78378278
18.53422448,73.79072153
18.53931328,73.78596419
18.5370461,73.8003546
18.54293361,73.79195738
18.54086728,73.80201783
18.54153122,73.78786959
18.54674606,73.78600593
18.53953286,73.78741647
18.54029914,73.79537378
18.53445927,73.79474379
18.54938737,73.79713059
18.53789129,73.80061372
18.54165344,73.79639489
18.53916723,73.78610549
18.53416011,73.79657512
18.53507518,73.79655171
18.54722289,73.78725228
18.54608893,73.79895521
18.54975371,73.79544813
18.54041151,73.79686163
18.54514148,73.78473806
18.54014593,73.79079778
18.54519769,73.79658606
18.54433014,73.79504264
18.54018889,73.7926152
18.5174476,73.67166297
18.51854639,73.67291121
18.51040035,73.67093591
18.51528136,73.6779629
18.51943668,73.6736018
18.51286929,73.66967587
18.5043534,73.67564394
18.51225325,73.6717254
18.51638347,73.67851901
18.50710293,73.67721634
18.5102867,73.67722542
18.50877398,73.681139
18.51277867,73.67749217
18.5153524,73.68534756
18.51078575,73.67246891
18.50737929,73.6807229
18.51938406,73.67628397
18.50654282,73.67409108
18.51000058,73.68124874
18.50995563,73.68314844
18.50495692,73.68117555
18.52134361,73.67971322
18.51132793,73.67905571
18.51191779,73.68236486
18.51301496,73.68458009
18.50653216,73.67997086
18.52045465,73.67755297
18.51078133,73.67464767
18.510286,73.67111357
18.50676794,73.67347101
18.51221501,73.66932461
18.51278038,73.67070228
18.51463847,73.66931097
18.51495353,73.67631488
18.51028829,73.68399182
18.51006453,73.67968154
18.51627195,73.67793094
18.5208139,73.67828725
18.51842794,73.6762194
18.50903817,73.67822533
18.51729403,73.6743907
18.50765878,73.67463249
18.51360265,73.68483632
18.51661306,73.67415819
18.5153238,73.66953633
18.51751715,73.68150853
18.50424139,73.67641983
18.51215849,73.67037513
18.51947433,73.68340954
18.50728367,73.68596176
18.51270305,73.67758123
18.51810867,73.6857591
18.51963799,73.67903784
18.5133561,73.67264995
18.51013648,73.68488853
18.50883434,73.6830946
18.5152764,73.68736741
18.5146763,73.67982811
18.52006174,73.67457983
18.51613177,73.67261192
18.5069258,73.67857414
18.50465649,73.67691063
18.50569449,73.68061398
18.50906328,73.67647039
18.51244354,73.68736702
18.50681384,73.67459409
18.51277599,73.68465345
18.51086302,73.68143258
18.47329113,73.78503599
18.45989945,73.78763751
18.46544722,73.78975207
18.46614937,73.7903235
18.46979423,73.79185166
18.46162041,73.79329554
18.47027074,73.79478532
18.46865041,73.79157102
18.45897113,73.78822176
18.46606923,73.79713285
18.47344755,73.7856082
18.46874426,73.7976341
18.46928148,73.79145333
18.46327538,73.78854802
18.46607136,73.78474951
18.458723,73.7888382
18.4754312,73.78741253
18.47431981,73.78785031
18.46507884,73.79394451
18.46107527,73.78977978
18.46102348,73.78578821
18.47336241,73.79130087
18.47561958,73.78890863
18.47034992,73.79403959
18.46878618,73.79441941
18.46767706,73.79284554
18.47162451,73.78214178
18.46691743,73.79525474
18.4682037,73.79390673
18.47298489,73.78228394
18.4631649,73.79263292
18.47164629,73.79559656
18.46295598,73.79589037
18.46761243,73.79060216
18.46774632,73.79330799
18.47345246,73.79243389
18.46321157,73.78138525
18.46494174,73.79592669
18.469583,73.78494048
18.47002827,73.78320967
18.46160773,73.79329277
18.46458374,73.7955805
18.46494672,73.79579642
18.47498434,73.93535871
18.46685392,73.92563842
18.46646593,73.92450033
18.47248946,73.92008352
18.47167163,73.93234302
18.4755105,73.93361463
18.47963214,73.92870984
18.46436364,73.92777626
18.46963977,73.93295138
18.47645293,73.92932562
18.47117802,73.92922782
18.47727855,73.92256397
18.46381939,73.92663875
18.48094453,73.93036053
18.47845664,73.92813954
18.46463141,73.9252532
18.46532732,73.92773512
18.47853699,73.93455997
18.46686246,73.92289915
18.47636613,73.9230199
18.4719626,73.9353673
18.47347992,73.92521489
18.4670049,73.92260821
18.47799518,73.929355
18.46789752,73.92627844
18.47364579,73.92456264
18.47466895,73.93054055
18.47736237,73.92946953
18.47420273,73.9270774
18.47879138,73.92862066
18.46924281,73.92292434
18.4748331,73.91949574
18.47642736,73.92117709
18.47567488,73.92698949
18.46766602,73.93301609
18.47158616,73.9213529
18.47203159,73.93089488
18.46712022,73.92540157
18.46912184,73.92262445
18.47764883,73.93334889
18.466064,73.93449345
18.46807797,73.93479494
18.47161755,73.92259809
18.47945175,73.92225727
18.47213785,73.92918542
18.47971601,73.93104422
18.47293696,73.91998993
18.473585,73.92567638
18.47675583,73.92680225
18.46962252,73.92770715
18.47542676,73.92775839
18.46819958,73.93346266
18.47929348,73.92331467
18.47848004,73.93153656
18.57542448,73.87835827
18.57838111,73.8824357
18.56541391,73.87330909
18.56784853,73.86949651
18.57072472,73.88280478
18.56673598,73.88325279
18.56884062,73.88383703
18.57232833,73.88051647
18.57949395,73.87806637
18.56926799,73.86992493
18.56828754,73.87006331
18.5795385,73.87362701
18.56697286,73.87538229
18.56682251,73.87341828
18.56828251,73.88269006
18.56805814,73.87779278
18.56391898,73.87764755
18.57345554,73.87452491
18.56548998,73.8719476
18.57391028,73.8854066
18.56404741,73.87674731
18.57520907,73.88332297
18.57565474,73.8725845
18.57442835,73.88503388
18.57092727,73.86998268
18.56882578,73.87896758
18.56984848,73.87427057
18.5701368,73.88630156
18.57076388,73.86827623
18.56837016,73.87969921
18.56883299,73.88511447
18.57172751,73.88680295
18.57424682,73.87583599
18.56994699,73.88504882
18.56452146,73.88021116
18.5694833,73.88578469
18.56629407,73.87609725
18.57687481,73.87783155
18.56701145,73.88280977
18.56425756,73.87576751
18.56591838,73.88085576
18.57707491,73.87724319
18.57497461,73.86890764
18.56489692,73.87429931
18.57146155,73.87167082
18.57444765,73.87988998
18.56854297,73.88287083
18.57806019,73.87979934
18.58023665,73.87766825
18.57310196,73.88279745
18.56521013,73.87631236
18.57429047,73.87374727
18.56557313,73.87446932
18.57858402,73.87321175
18.57779183,73.8790157
18.56794721,73.87613012
18.57841003,73.8750081
18.57777179,73.8751528
18.57725438,73.87184418
18.57395405,73.87763693
18.56971029,73.87711842
18.57906561,73.87772827
18.56507134,73.87276978
18.57950397,73.88021104
18.57506215,73.87650065
18.5699447,73.87470494
18.5668059,73.87242945
18.56745106,73.88175846
18.57174522,73.88472734
18.5679807,73.87453095
19.22672929,73.14854599
19.22987288,73.14661563
19.22382583,73.15845816
19.22860902,73.16092505
19.23166869,73.14971458
19.23325318,73.14667209
19.22238689,73.15257001
19.23346735,73.16271248
19.22576769,73.14869864
19.23377977,73.15582507
19.22782105,73.15323489
19.23478458,73.14628663
19.22604365,73.1561834
19.22841412,73.15099144
19.23789913,73.15743326
19.23448778,73.15415435
19.22217208,73.15040102
19.23283228,73.15860544
19.22758024,73.1580316
19.22195069,73.15158827
19.22313472,73.15876112
19.23339406,73.1611336
19.22498216,73.16040828
19.22680599,73.15658726
19.23241449,73.14835209
19.23308026,73.1572526
19.23199195,73.15190802
19.23701522,73.15224576
19.23618596,73.15315713
19.23081294,73.14570263
19.22918192,73.16046995
19.23479156,73.15892823
19.22483799,73.14985485
19.22727589,73.1485511
19.23758845,73.15504407
19.23020483,73.15773781
19.23602387,73.15975775
19.23014162,73.15843039
19.22890047,73.15629081
19.23414868,73.15756393
19.23394313,73.14889842
19.22534464,73.15647316
19.23350492,73.14565232
19.22723999,73.1504225
19.2372136,73.15387674
19.23888671,73.15187226
19.23770624,73.15785965
18.46473012,73.80950185
18.4559931,73.81220025
18.4637789,73.81427877
18.46384027,73.81002047
18.46951075,73.80734185
18.45845335,73.80638018
18.46749399,73.80202894
18.45486806,73.80209598
18.46704861,73.80700706
18.46194552,73.80520581
18.4649472,73.81004354
18.46025372,73.80915288
18.45542079,73.80574935
18.46716882,73.799276
18.47004244,73.80759974
18.46083397,73.81468079
18.46225798,73.7988503
18.46200826,73.80653034
18.46313196,73.8152601
18.45703794,73.8091035
18.4611475,73.81095209
18.45863412,73.81207975
18.4547466,73.8072889
18.46584834,73.79984233
18.46230063,73.79813614
18.46641053,73.80807287
18.46294023,73.8059952
18.45550236,73.80090602
18.46852409,73.81003309
18.45904693,73.80973687
18.46956638,73.81229493
18.46616036,73.80847979
18.45935587,73.80691804
18.45931902,73.805884
18.45766296,73.81184269
18.45925156,73.80641955
18.46365332,73.8097395
18.46403725,73.80806864
18.46553397,73.81345191
18.46219847,73.80213951
18.46803109,73.80633995
18.45607175,73.8004707
18.46019557,73.79902111
18.46264797,73.81421876
18.46744666,73.81377438
18.46907298,73.80161067
18.45626135,73.80195829
18.46762644,73.80736934
18.45545478,73.80525709
18.46362596,73.80659482
18.45582406,73.80068551
18.45830174,73.81489444
18.46638297,73.80917812
18.46485353,73.80689505
18.45893945,73.80360383
18.46391695,73.81053621
18.46450313,73.80740337
18.46574397,73.81507597
18.45379417,73.80856337
18.45836431,73.81375845
18.4585696,73.80635518
18.45983375,73.82748229
18.46955224,73.82604237
18.46520807,73.82674954
18.47408611,73.82113536
18.4624064,73.8326278
18.46684906,73.83019071
18.47070064,73.82905535
18.47127412,73.81832453
18.47484647,73.82426573
18.46892595,73.8300882
18.46238636,73.82107453
18.46715477,73.82044653
18.46925572,73.8193158
18.47329092,73.82222486
18.46322564,73.82387439
18.46558129,73.8271315
18.47143348,73.82340043
18.46909887,73.82613578
18.4713551,73.82687714
18.45755008,73.82592058
18.47343109,73.82268764
18.46552149,73.81864131
18.46110369,73.83245813
18.46330467,73.82332945
18.46669553,73.81956897
18.46621746,73.82343758
18.45986239,73.82787341
18.46821924,73.8241663
18.46534343,73.82772482
18.46172345,73.81882014
18.46571953,73.81616875
18.47469082,73.82207631
18.46434652,73.82716059
18.46796671,73.82704042
18.4703628,73.81764128
18.46844061,73.82165552
18.46520275,73.82558077
18.46773319,73.83347538
18.46153393,73.82779004
18.46559853,73.81601685
18.46800367,73.83011634
18.4629033,73.81905694
18.46408462,73.81665834
18.46257195,73.82542787
18.46239006,73.83017038
18.4616809,73.83180304
18.46536564,73.82753041
18.46474639,73.82885737
18.47097992,73.81781557
18.47253305,73.81895189
18.46634473,73.81954961
18.46117524,73.83143051
18.47448197,73.82599566
18.46559276,73.82153778
18.46063432,73.82735247
18.47356058,73.82767609
18.55380182,73.92307359
18.56148763,73.9183092
18.55834962,73.92063573
18.5538552,73.92155752
18.56282395,73.92178728
18.5594819,73.91967376
18.56483191,73.91550348
18.56537695,73.92226142
18.55175747,73.91198005
18.55714126,73.91850361
18.55013838,73.91569849
18.56054728,73.91399789
18.56214099,73.919045
18.55433602,73.91531363
18.55442881,73.92442924
18.55318092,73.92485756
18.55398858,73.92060999
18.55791976,73.92451688
18.5514626,73.91992444
18.55995132,73.91117485
18.56196084,73.91469809
18.56366526,73.91486223
18.56287066,73.91344973
18.55431696,73.91563759
18.55423678,73.918515
18.55453342,73.91638
18.55326196,73.92556379
18.55167228,73.91635976
18.55026634,73.91902728
18.55958874,73.91401026
18.55563023,73.9254569
18.5560143,73.92400246
18.55467648,73.92265638
18.55860331,73.9272755
18.55816436,73.9271001
18.55067214,73.92195187
18.5527258,73.92470267
18.55737175,73.91169058
18.55794216,73.91483325
18.5550687,73.92218633
18.55084761,73.91285137
18.56310293,73.92335715
18.55224066,73.92005374
18.56056918,73.92271267
18.58560249,73.97981981
18.58452125,73.98225151
18.58016409,73.98094479
18.58918574,73.97986019
18.57951018,73.97127919
18.57810768,73.98651273
18.58061119,73.97778741
18.5844369,73.97181842
18.5727453,73.97646454
18.57433638,73.98413716
18.57893501,73.97670314
18.57954861,73.98012924
18.57334026,73.97492191
18.5747351,73.9807503
18.5748807,73.98263695
18.57865863,73.97810299
18.58826244,73.98393287
18.58827124,73.97579146
18.58853766,73.97857459
18.58687625,73.97508158
18.57254,73.9802408
18.58350643,73.96982017
18.57740394,73.98435923
18.58484161,73.97166332
18.58151592,73.97030274
18.58945405,73.97508437
18.58914784,73.97926042
18.58171217,73.98743269
18.5769766,73.97179625
18.58539121,73.98065121
18.58826798,73.98373718
18.58766185,73.97692176
18.58265106,73.97200764
18.57783486,73.97598836
18.57838239,73.98692427
18.58077152,73.98522849
18.57734433,73.98669185
18.57537068,73.98376748
18.58693715,73.98012398
18.58270135,73.98042538
18.58444733,73.96996177
18.57858515,73.97464532
18.57861354,73.97101553
18.49519274,73.90715945
18.49787705,73.89810789
18.49949869,73.90307393
18.49913068,73.90500593
18.4923704,73.8991149
18.48864733,73.90544526
18.48772784,73.89454918
18.49821645,73.89330496
18.49809656,73.9046472
18.49148205,73.89731417
18.49100126,73.8949356
18.48394608,73.90188168
18.49350321,73.89919604
18.49543809,73.90330536
18.48936136,73.90309634
18.48602383,73.90416733
18.48694787,73.89582981
18.49451564,73.90887857
18.49124695,73.90557682
18.48502702,73.89753649
18.49039151,73.89275726
18.49402225,73.90120798
18.48357989,73.89890504
18.49111155,73.90546754
18.48942745,73.8924163
18.48940007,73.90240145
18.49067997,73.8961265
18.49204937,73.90434353
18.48566431,73.9060496
18.488008,73.90133778
18.49726352,73.89596593
18.49031493,73.90421518
18.49745489,73.90621626
18.49083277,73.89333605
18.49710605,73.89583133
18.48803135,73.90822977
18.48935203,73.90223905
18.48856831,73.89677565
18.49200272,73.89951062
18.49175843,73.89650196
18.49155245,73.90685086
18.49734439,73.90558087
18.49447625,73.89256749
18.49878853,73.90592347
18.49234986,73.89466193
18.49413158,73.89481353
18.49025291,73.89670027
18.48813861,73.90471824
18.49546498,73.90743988
18.49213705,73.90477696
18.50078157,73.89695634
18.49391308,73.89076895
18.49201262,73.89282321
18.49833298,73.89975142
18.48836187,73.89308184
18.48532217,73.90001437
18.48903626,73.89978061
18.49450694,73.89246085
18.49624365,73.89740108
18.49771406,73.89353568
18.49150002,73.90904465
18.48853293,73.8978802
18.49694089,73.8939936
18.48885604,73.90042541
18.49502906,73.89148655
18.48575435,73.90163017
18.49722863,73.90654333
18.49541698,73.90812414
18.49146145,73.80201723
18.48875948,73.80425142
18.48303747,73.80361163
18.48940063,73.79033769
18.48241533,73.79232564
18.48731624,73.80279259
18.48272869,73.78846566
18.48066272,73.79040107
18.49421749,73.79255894
18.48697132,73.78792103
18.49219773,73.79664354
18.48541374,73.79948577
18.49021178,73.80164334
18.48320176,73.78923713
18.49199073,73.79204255
18.48634569,73.79402777
18.47806352,73.79262747
18.48397392,73.79866455
18.49207307,73.79414582
18.48713337,73.78873504
18.49408073,73.7986581
18.49111595,73.79470342
18.48339091,73.7907884
18.48976743,73.79055638
18.48968125,73.79526408
18.48994811,73.7975352
18.4864926,73.79150204
18.48810833,73.80318884
18.48776674,73.79006797
18.48524294,73.7883652
18.48839417,73.79599592
18.49229759,73.79886333
18.48070013,73.79558755
18.48452811,73.79852804
18.49245591,73.79718036
18.48928357,73.80365341
18.47973852,73.80259056
18.49273311,73.79954494
18.49100352,73.79887796
18.48373897,73.7995071
18.49343562,73.79380472
18.48665948,73.7907196
18.48448956,73.79466494
18.49308949,73.79278353
18.48304141,73.79652554
18.48700191,73.80040641
18.48262722,73.79745063
18.48880791,73.80333754
18.48437839,73.79081916
18.49190837,73.79733977
18.48119708,73.79182594
18.48031881,73.80186131
18.49140271,73.79728682
18.48131227,73.79010216
18.48234768,73.79761433
18.49162202,73.79177636
18.48806474,73.80444808
18.47799544,73.79465688
18.49412208,73.79278274
18.48605857,73.78684263
18.48671676,73.79431933
18.48046436,73.79337933
18.48497767,73.79410293
18.48041073,73.80135322
18.49342536,73.79706509
18.48381509,73.80183006
18.48380171,73.79004128
18.48398112,73.78901126
18.49045222,73.78921002
18.49269189,73.79378092
18.55828854,73.88263991
18.54860139,73.87072892
18.548585,73.87102967
18.56016519,73.88032795
18.55956042,73.88061178
18.55353549,73.87651975
18.55776361,73.88339663
18.55398919,73.86994055
18.55683374,73.88319673
18.5598611,73.87581578
18.55691908,73.88548859
18.55385342,73.87334983
18.550962,73.8710883
18.56050996,73.87690607
18.55378686,73.87076923
18.54703072,73.88472461
18.5463144,73.87558578
18.55739317,73.87959078
18.55917068,73.88152932
18.55636753,73.87986455
18.55682635,73.88603734
18.55261774,73.88172738
18.56234603,73.87694711
18.55350763,73.88338041
18.55813658,73.87158307
18.54542862,73.87441251
18.55370098,73.87340517
18.55791685,73.87560682
18.5531777,73.87037538
18.54618798,73.87450492
18.55611245,73.87786065
18.55510087,73.88011931
18.5519049,73.87972201
18.55091339,73.8856485
18.54565335,73.87699193
18.55285151,73.86915632
18.55390594,73.8713495
18.5531686,73.87589915
18.5582434,73.87154079
18.54630551,73.88328568
18.55929676,73.87642362
18.5542594,73.87922496
18.54742062,73.87145353
18.5529681,73.88745753
18.55228434,73.88409618
18.55488333,73.88259932
18.55356286,73.8720316
18.5492849,73.87865287
